iteration,n_estimators,learning_rate,max_depth,subsample,colsample_bytree,gamma,reg_alpha,reg_lambda,k_factor,base_k_factor,max_k_factor,div_number,bonus_after_layoff,filter_num,challengers,MODEL_NAME,train_accuracy,test_accuracy,score2025,mae2025
1,264,0.019456689292739852,3,0.9358035649505582,0.974847821800888,0.046656775715964896,3.409933244674188,0.507778428264715,,43,62,800,False,10000,False,best_final_xgb_model,0.669834630250464,0.6534865601869887,0.6702741702741702,0.3297258297258297
2,264,0.007775005305481196,6,0.9117152481926981,0.898050577331371,0.17705753440236893,0.4406956997035285,8.001818056464097,,43,62,800,False,10000,False,best_final_xgb_model,0.6759655112314049,0.6675107128944293,0.6666666666666666,0.3333333333333333
3,77,0.002347912879624183,3,0.9104810582278535,0.9997261017312484,0.03167456834869805,0.3265823701238013,0.023908218200537786,,43,62,800,False,10000,False,best_final_xgb_model,0.6547944924594264,0.6554343591741332,0.6572871572871573,0.3427128427128427
4,156,0.039385250942251544,5,0.8437570603663447,0.8697873462079391,0.0856950008270645,0.0004753428602906061,0.04201468478780609,,43,62,800,False,10000,False,best_final_xgb_model,0.6811839366817376,0.6704324113751461,0.6645021645021645,0.3354978354978355
5,59,0.036224350019975454,8,0.9809929408602257,0.8189210359079805,0.07810264466155167,0.000512169586989221,0.03295116262994828,,43,62,800,False,10000,False,best_final_xgb_model,0.7012169491177888,0.6548500194779898,0.6688311688311688,0.33116883116883117
6,273,0.01512633577112868,8,0.9621273131618012,0.8860756788493259,0.5924381799895542,7.005010631305502,1.2749694781926564,,43,62,800,False,10000,False,best_final_xgb_model,0.7046822296722337,0.6799766264121543,0.663059163059163,0.33694083694083693
7,182,0.01364453990559262,6,0.8948479088910773,0.9773745685191498,0.012859591089275795,0.0023912031782231157,0.09009145461898828,,43,62,800,False,10000,False,best_final_xgb_model,0.6778109269112867,0.668679392286716,0.6652236652236653,0.3347763347763348
8,218,0.02618396111751481,8,0.9976307891243853,0.8612088503334808,0.010652632758868984,0.0016202619312678062,4.342268546306558,,43,62,800,False,10000,False,best_final_xgb_model,0.724171869713653,0.6649785742111414,0.6688311688311688,0.33116883116883117
9,148,0.009397568626643689,4,0.904860563426276,0.9617344330244703,0.7608981806690562,0.00022883218906218065,0.18291650655753927,,43,62,800,False,10000,False,best_final_xgb_model,0.6674971037226135,0.6538761199844176,0.6594516594516594,0.34054834054834054
10,223,0.0022468393396631336,3,0.8689549040743234,0.9131879097561861,0.15936785254134508,3.0274186571769124,5.732212266685219,,43,62,800,False,10000,False,best_final_xgb_model,0.6606075518510545,0.6579664978574211,0.6616161616161617,0.3383838383838384
11,398,0.01659244560228983,5,0.9849424365404948,0.9768331558027628,0.5835264207520043,0.2597590946184676,0.3052083732475319,,43,62,800,False,10000,False,best_final_xgb_model,0.681009647423082,0.6716010907674328,0.663059163059163,0.33694083694083693
12,329,0.002660721194175548,4,0.8455448553657815,0.9358244642949836,0.38113360692076254,0.0001340343603991415,6.419625804942812,,43,62,800,False,10000,False,best_final_xgb_model,0.6651800818134285,0.6680950525905727,0.6565656565656566,0.3434343434343434
13,133,0.01760754393091876,4,0.8667326638656925,0.891071095575007,0.08532906566466986,1.0282326870452336,1.3812222148098707,,43,62,800,False,10000,False,best_final_xgb_model,0.6686761192958713,0.6679002726918583,0.6601731601731602,0.3398268398268398
14,230,0.007482239482881272,6,0.8310213101770435,0.9495820301499228,0.05499539005392784,0.10198044197327745,5.715581044968599,,43,62,800,False,10000,False,best_final_xgb_model,0.67510431724746,0.6719906505648617,0.6637806637806638,0.3362193362193362
15,177,0.0026403406538266054,4,0.9817630380227024,0.8761204226670924,0.0879717582522739,0.24594568234712605,0.08948925394569289,,43,62,800,False,10000,False,best_final_xgb_model,0.663098863018895,0.6513439813011297,0.6515151515151515,0.3484848484848485
16,283,0.022282859092117566,9,0.9076873651615573,0.9722863793630317,0.04132170384338034,0.00016172613638054702,5.606709025056963,,43,62,800,False,10000,False,best_final_xgb_model,0.7664934026389444,0.6550447993767043,0.6738816738816739,0.32611832611832614
17,375,0.01976190786336492,6,0.9033562224384488,0.8970746616705662,0.03430074775184154,2.5162224816510643,0.06180524899365676,,43,62,800,False,10000,False,best_final_xgb_model,0.6949425358061904,0.6719906505648617,0.6688311688311688,0.33116883116883117
18,377,0.006237421941551732,4,0.8261005575490059,0.8992262736691681,0.21724534552636282,1.1221224440226,2.737769438825025,,43,62,800,False,10000,False,best_final_xgb_model,0.6687888946985309,0.6649785742111414,0.663059163059163,0.33694083694083693
19,156,0.003964928490349533,8,0.8448630356832827,0.8856049416291539,0.01732510963156703,0.6588494564572992,1.1371801168708278,,43,62,800,False,10000,False,best_final_xgb_model,0.6894472980038754,0.6632255551227113,0.6601731601731602,0.3398268398268398
20,388,0.004565934785032189,4,0.9830361822219591,0.9426575183031378,0.023713922818975816,1.1310818432358865,0.03371156362905933,,43,62,800,False,10000,False,best_final_xgb_model,0.6674458421759502,0.6772497078301519,0.658008658008658,0.341991341991342
21,88,0.0031747245168921613,4,0.9624239490892743,0.9369796749071075,0.0270731993241857,0.0013812375728797792,4.743376492827395,,43,62,800,False,10000,False,best_final_xgb_model,0.6619608566829679,0.6614725360342812,0.658008658008658,0.341991341991342
22,123,0.0021694011533256313,6,0.85087081180963,0.9118076440582036,0.25583807292861865,0.01637545341631471,0.6078475538665647,,43,62,800,False,10000,False,best_final_xgb_model,0.6706035534504147,0.6641994546162836,0.6565656565656566,0.3434343434343434
23,137,0.0032822482812942767,3,0.872282788151759,0.8869783975689769,0.05987173325213998,0.05815561949818776,8.476681525276202,,43,62,800,False,10000,False,best_final_xgb_model,0.6600436748377572,0.6721854304635762,0.6572871572871573,0.3427128427128427
24,161,0.0019945875245510132,8,0.8551806751931716,0.802807050727096,0.08396205594999624,0.001009820521266707,0.033219143722117,,43,62,800,False,10000,False,best_final_xgb_model,0.6873455745906766,0.6828983248928711,0.6616161616161617,0.3383838383838384
25,387,0.0037109423485204114,5,0.8947594641102015,0.9186502502247508,0.3554793584312621,0.7088198621215315,0.1023792702626088,,43,62,800,False,10000,False,best_final_xgb_model,0.6700499287464501,0.6710167510712894,0.6623376623376623,0.33766233766233766
26,446,0.02546283985644931,5,0.9550938222915126,0.8515155781608109,0.01055049954790463,0.63877987182344,3.8855175995796123,,43,62,800,False,10000,False,best_final_xgb_model,0.6893037656732179,0.6723802103622906,0.665945165945166,0.33405483405483405
27,396,0.07589806040172929,5,0.9987292766034295,0.8271372167405172,0.017338885483589,0.6314193844128267,0.1290368763844208,,43,62,800,False,10000,False,best_final_xgb_model,0.7246332236336235,0.6638098948188547,0.6544011544011544,0.34559884559884557
28,431,0.012853778080510733,6,0.8537256358557308,0.9847239255582289,0.0224187426979672,0.5405104319692826,0.023843699505391378,,43,62,800,False,10000,False,best_final_xgb_model,0.6891294764145623,0.6682898324892871,0.6695526695526696,0.33044733044733043
29,99,0.0013658187958323132,4,0.8871325773499398,0.8769902750722715,0.22897341447238947,0.005222045740996839,0.7882543802599566,,43,62,800,False,10000,False,best_final_xgb_model,0.6621043890136253,0.6587456174522789,0.6594516594516594,0.34054834054834054
30,257,0.0765418930373141,7,0.8866497979637046,0.8072900161216792,0.17237458424568763,0.7008132239018957,0.016601318584753888,,43,62,800,False,10000,False,best_final_xgb_model,0.7911707112026984,0.651928320997273,0.6623376623376623,0.33766233766233766
31,58,0.002803193691640464,6,0.853696122886903,0.9925734992983882,0.06489041779847664,0.0002557389665611452,0.4735764847330367,,43,62,800,False,10000,False,best_final_xgb_model,0.668911922410523,0.668679392286716,0.6623376623376623,0.33766233766233766
32,360,0.007177809444108524,3,0.982154535552983,0.828489109612474,0.01342340521051985,0.1501579988746979,0.07263853253770444,,43,62,800,False,10000,False,best_final_xgb_model,0.6670152451839777,0.664394234514998,0.6587301587301587,0.3412698412698413
33,158,0.013057294620597801,5,0.9984980744637898,0.9568366698223013,0.05638735580101069,5.451093919599676,28.938475304491284,,43,62,800,False,10000,False,best_final_xgb_model,0.6717108028583438,0.6640046747175692,0.6637806637806638,0.3362193362193362
34,56,0.031372599016655914,9,0.9011136041832636,0.8349802872266197,0.027800097449173524,0.001377407336625876,0.017343222775329594,,43,62,800,False,10000,False,best_final_xgb_model,0.7233619372763715,0.6593299571484222,0.663059163059163,0.33694083694083693
35,161,0.04443487382338002,3,0.9334278102170986,0.9643488811982227,0.08973957069565322,7.958577204014081,17.717912502589574,,43,62,800,False,10000,False,best_final_xgb_model,0.6706240580690801,0.6725749902610051,0.6702741702741702,0.3297258297258297
36,430,0.006947926684458304,8,0.9682902655903517,0.9858355614752244,0.012707611525808992,0.0003616589239948798,0.6445780339396808,,43,62,800,False,10000,False,best_final_xgb_model,0.7067942053947651,0.666536813400857,0.6666666666666666,0.3333333333333333
37,315,0.005887175793684355,9,0.958832588691576,0.9467069515872394,0.18681904097726695,0.00020767241539925525,1.5415763095333574,,43,62,800,False,10000,False,best_final_xgb_model,0.7203887675698951,0.6606934164394235,0.6637806637806638,0.3362193362193362
38,110,0.03641887968321559,4,0.949862878219577,0.9255037042811548,0.01474692252449464,0.3927435757820521,31.133314416779836,,43,62,800,False,10000,False,best_final_xgb_model,0.6706958242344088,0.6795870666147253,0.665945165945166,0.33405483405483405
39,250,0.005584578208373879,7,0.9176489727485742,0.8439777427743259,0.012553619269803187,0.0013951751048233798,0.037422809103583726,,43,62,800,False,10000,False,best_final_xgb_model,0.6824142138016588,0.6702376314764317,0.665945165945166,0.33405483405483405
40,243,0.023647250921647486,5,0.9813505182036281,0.8334065518172887,0.014314464879077912,0.0014366313553671438,3.039646203110706,,43,62,800,False,10000,False,best_final_xgb_model,0.6794307917858498,0.6587456174522789,0.6652236652236653,0.3347763347763348
41,360,0.07107051828270838,3,0.8446177180037047,0.9179778608474777,0.27446924492679176,0.0001398138101091012,0.07694647918223171,,43,62,800,False,10000,False,best_final_xgb_model,0.6808558627830918,0.6651733541098559,0.6645021645021645,0.3354978354978355
42,365,0.0012602613112995213,7,0.8998297858968902,0.8877085974536694,0.5761334019794868,4.75313827805929,27.407736153811786,,43,62,800,False,10000,False,best_final_xgb_model,0.6776981515086273,0.6499805220101286,0.6645021645021645,0.3354978354978355
43,340,0.0027427078429334804,3,0.8910497371909638,0.9221755195516665,0.0376529618548462,0.0007901621405209876,3.237956329511136,,43,62,800,False,10000,False,best_final_xgb_model,0.6614687458349994,0.6673159329957148,0.658008658008658,0.341991341991342
44,262,0.037372071653029915,9,0.9208282097320135,0.9229665077801622,0.22526114037989126,0.00010051793897039842,37.967244131498695,,43,62,800,False,10000,False,best_final_xgb_model,0.75828130286347,0.6710167510712894,0.6616161616161617,0.3383838383838384
45,260,0.057903668959093386,5,0.859157884133474,0.8910749685656251,0.023059762654760996,0.0019029101806969254,22.51184396759041,,43,62,800,False,10000,False,best_final_xgb_model,0.6938557910169265,0.6601090767432801,0.6652236652236653,0.3347763347763348
46,128,0.013438947015881556,9,0.85849613055028,0.9779390830258937,0.7056794673729505,4.742060196934616,7.306052369316417,,43,62,800,False,10000,False,best_final_xgb_model,0.7044976881042455,0.6723802103622906,0.6652236652236653,0.3347763347763348
47,130,0.08510304640027636,9,0.8968698929072314,0.8864360277039443,0.5066406968244811,0.0003827645441336749,1.3615478453143288,,43,62,800,False,10000,False,best_final_xgb_model,0.8343534381119347,0.6495909622126996,0.663059163059163,0.33694083694083693
48,344,0.007177393637315872,5,0.9522716509166542,0.9028936915034889,0.01032391849381368,0.14192065610664667,2.5846440032566815,,43,62,800,False,10000,False,best_final_xgb_model,0.6718440828796687,0.6770549279314375,0.6608946608946609,0.33910533910533913
49,215,0.0024920526606924272,3,0.8850076277373439,0.9654285067949446,0.30177381174397966,0.0003461492896887097,0.011274611567104853,,43,62,800,False,10000,False,best_final_xgb_model,0.6609253734403674,0.6488118426178419,0.6623376623376623,0.33766233766233766
50,100,0.0015784221471025336,4,0.8685822488695354,0.9331548736131396,0.021578413957813538,6.459705812748041,0.03491069576777776,,43,62,800,False,10000,False,best_final_xgb_model,0.6605050287577277,0.6525126606934164,0.6572871572871573,0.3427128427128427
51,325,0.04515426855494879,4,0.9512258120066313,0.9032969183416657,0.060051256732217895,0.008116358899894715,1.032465117990075,,43,62,800,False,10000,False,best_final_xgb_model,0.6830498569802849,0.6673159329957148,0.6681096681096681,0.3318903318903319
52,343,0.05581967740149606,4,0.8332936768234529,0.9648039960610728,0.07146971379369157,0.037829508569987465,0.5745143060665054,,43,62,800,False,10000,False,best_final_xgb_model,0.6876018823239934,0.6721854304635762,0.6688311688311688,0.33116883116883117
53,64,0.004837006203621512,4,0.8233263664819909,0.8639235439604989,0.014245415491194277,0.009375408546035961,0.15133218097701573,,43,62,800,False,10000,False,best_final_xgb_model,0.6625042290775998,0.6688741721854304,0.6565656565656566,0.3434343434343434
54,235,0.05907963133920083,4,0.9863354860403317,0.9482477888690592,0.060274996942443905,0.019105561778077092,42.01336955982608,,43,62,800,False,10000,False,best_final_xgb_model,0.6793180163831903,0.6659524737047137,0.6666666666666666,0.3333333333333333
55,169,0.08377266417426489,5,0.9498483858658946,0.8112570129530644,0.13015029433903877,0.6971623576829428,1.8860864799906885,,43,62,800,False,10000,False,best_final_xgb_model,0.6960805421421176,0.6770549279314375,0.6681096681096681,0.3318903318903319
56,376,0.02095608539525859,5,0.8654586377618497,0.951447334632283,0.06962438422853695,0.01043126347450124,0.18260123943797993,,43,62,800,False,10000,False,best_final_xgb_model,0.6839520602015604,0.6749123490455785,0.6695526695526696,0.33044733044733043
57,410,0.08917882488126387,4,0.942392764087898,0.9954511667554431,0.03563430757811529,0.0002099195031510371,0.018517803001295057,,43,62,800,False,10000,False,best_final_xgb_model,0.7035852325736373,0.6608881963381379,0.658008658008658,0.341991341991342
58,431,0.008629153452572749,7,0.9570349331798248,0.9067038531761802,0.6268139045988084,0.14598858297752815,0.012313478903497497,,43,62,800,False,10000,False,best_final_xgb_model,0.6936302402116077,0.6723802103622906,0.665945165945166,0.33405483405483405
59,179,0.06637972158832549,3,0.9795314872841899,0.8845082787672586,0.021639650544431295,0.001355888153596386,0.757744727773185,,43,62,800,False,10000,False,best_final_xgb_model,0.6736177323942218,0.6714063108687184,0.6681096681096681,0.3318903318903319
60,295,0.07283302936196598,3,0.9547125741684322,0.9269018522465885,0.0403105571633481,0.00620297422536251,0.3475881488231336,,43,62,800,False,10000,False,best_final_xgb_model,0.6785695978019048,0.6675107128944293,0.6681096681096681,0.3318903318903319
61,392,0.008206603149251283,9,0.9132739061995844,0.9413073333181264,0.02607994160379534,0.00013886145736346093,2.2359108922223374,,43,62,800,False,10000,False,best_final_xgb_model,0.7329170895744267,0.6630307752239969,0.6681096681096681,0.3318903318903319
62,334,0.001634702991812559,8,0.9143649583920473,0.8346168553891085,0.05117827350936528,1.5331767065159898,1.484766318188964,,43,62,800,False,10000,False,best_final_xgb_model,0.6875506207773301,0.6714063108687184,0.663059163059163,0.33694083694083693
63,175,0.01211534743403755,4,0.8267512448738296,0.8483792148106037,0.025879527810842937,0.0012513943463999069,3.049010395882722,,43,62,800,False,10000,False,best_final_xgb_model,0.6680302238079128,0.6772497078301519,0.6616161616161617,0.3383838383838384
64,97,0.008112525353230232,7,0.9418863034831855,0.8229887946496447,0.17714242439032057,0.03390712504927827,0.6577858327870655,,43,62,800,False,10000,False,best_final_xgb_model,0.6791232225058694,0.6575769380599922,0.6587301587301587,0.3412698412698413
65,373,0.04216518565797803,6,0.9725701887528772,0.907559726703105,0.05538309240847783,0.11585139638017536,0.18509151306427746,,43,62,800,False,10000,False,best_final_xgb_model,0.7230543679963912,0.6628359953252825,0.6601731601731602,0.3398268398268398
66,290,0.0069697764959045175,8,0.8363602376357044,0.9102743000448703,0.01719667306338402,0.015275195322581663,1.112911231118194,,43,62,800,False,10000,False,best_final_xgb_model,0.6989511887552671,0.676860148032723,0.6688311688311688,0.33116883116883117
67,106,0.00754428662550014,7,0.9084461435760061,0.9074582394537135,0.1617388317463554,0.1624959585473307,0.10666788051036191,,43,62,800,False,10000,False,best_final_xgb_model,0.6799229026338183,0.6710167510712894,0.663059163059163,0.33694083694083693
68,64,0.03403344723250441,7,0.9570966243563372,0.8673821631200195,0.06864042714753574,0.029865773062994774,0.15675342752206345,,43,62,800,False,10000,False,best_final_xgb_model,0.6851925896308143,0.6782236073237242,0.6673881673881674,0.33261183261183264
69,404,0.0013883520197637653,6,0.9012645974157448,0.8490508074356641,0.07658348587845559,0.06305605748464453,0.06152211180801187,,43,62,800,False,10000,False,best_final_xgb_model,0.6711879350823773,0.6653681340085703,0.6551226551226551,0.3448773448773449
70,283,0.07185131161860157,9,0.8192064606370808,0.845254081976642,0.018278939656109883,0.7706163560160739,0.1520785473034849,,43,62,800,False,10000,False,best_final_xgb_model,0.9481745763233168,0.6638098948188547,0.6522366522366523,0.3477633477633478
71,196,0.014045534667687924,3,0.9492259934710365,0.861346343431773,0.5698655618029,0.0007691794300061305,1.9795167169674601,,43,62,800,False,10000,False,best_final_xgb_model,0.6672715529172947,0.6608881963381379,0.6572871572871573,0.3427128427128427
72,107,0.029078105025604487,8,0.9538212861076754,0.9297976712217205,0.010364483461849698,0.03311913093622571,2.4799728058258457,,43,62,800,False,10000,False,best_final_xgb_model,0.7063738607121254,0.6620568757304246,0.670995670995671,0.329004329004329
73,257,0.03728083864658107,9,0.9897520123959562,0.8339697781797988,0.011301618506774748,1.707454450699625,0.44352111851338943,,43,62,800,False,10000,False,best_final_xgb_model,0.8218456207260686,0.6799766264121543,0.6652236652236653,0.3347763347763348
74,205,0.007939818593115686,6,0.9163290886728209,0.822751284407686,0.07690171592223757,0.00012254960786308147,7.918211327309903,,43,62,800,False,10000,False,best_final_xgb_model,0.6746532156368222,0.6721854304635762,0.6616161616161617,0.3383838383838384
75,332,0.0031760184170602727,8,0.9115208202911381,0.8268804262455322,0.010812516287758594,0.06491667630298995,0.2595517909325854,,43,62,800,False,10000,False,best_final_xgb_model,0.6944299203395565,0.6564082586677055,0.665945165945166,0.33405483405483405
76,60,0.005939714740101365,7,0.8850800068970497,0.8805300741317729,0.2011745253553846,0.003480464953899812,0.3911059171236844,,43,62,800,False,10000,False,best_final_xgb_model,0.6767856959780191,0.6641994546162836,0.6594516594516594,0.34054834054834054
77,285,0.0013770515550145536,9,0.975497972157185,0.9044411513696435,0.10081659635653951,0.0006697222990299618,8.26056631454435,,43,62,800,False,10000,False,best_final_xgb_model,0.7012272014271215,0.6704324113751461,0.6587301587301587,0.3412698412698413
78,265,0.0045070941217476715,5,0.8429423664439428,0.8662689859900735,0.010094184309582588,0.0006561972398240703,0.581650917589461,,43,62,800,False,10000,False,best_final_xgb_model,0.6704600211197572,0.6552395792754188,0.6594516594516594,0.34054834054834054
79,355,0.05282689507453622,5,0.8758790724764351,0.8326953387270094,0.0818724584032184,0.00015448625752555016,0.06178102040593147,,43,62,800,False,10000,False,best_final_xgb_model,0.7054921621095152,0.669068952084145,0.6637806637806638,0.3362193362193362
80,353,0.049128860030419594,6,0.9226948207599251,0.8097944959264626,0.27013364767403886,0.0011781604521976343,2.4021685870720684,,43,62,800,False,10000,False,best_final_xgb_model,0.727667907196096,0.6721854304635762,0.6681096681096681,0.3318903318903319
81,96,0.002548763489255727,3,0.9454463288740967,0.8864816634488734,0.01880152965115906,0.1576242665477292,4.375672193185223,,43,62,800,False,10000,False,best_final_xgb_model,0.6571832805339403,0.6517335410985586,0.658008658008658,0.341991341991342
82,267,0.009187105664512765,7,0.8824193860605325,0.8499001904007203,0.5216311498894125,0.41415683330455766,1.1725402588850524,,43,62,800,False,10000,False,best_final_xgb_model,0.686535642153395,0.6636151149201402,0.6666666666666666,0.3333333333333333
83,109,0.0022290283210584182,7,0.8641652476992848,0.9188098686886002,0.17101164028599242,0.22522206669767245,11.094775503472961,,43,62,800,False,10000,False,best_final_xgb_model,0.6764268651513754,0.6616673159329958,0.6594516594516594,0.34054834054834054
84,60,0.015538754181887817,4,0.994361016102469,0.9362693816912322,0.025494883298838002,0.00015809229609549987,0.9662198710960865,,43,62,800,False,10000,False,best_final_xgb_model,0.665733706517393,0.6591351772497078,0.6558441558441559,0.34415584415584416
85,57,0.051046964313005413,9,0.8384557392404037,0.8264242946828516,0.22971145690168837,0.0021988551747752507,0.6403007996654642,,43,62,800,False,10000,False,best_final_xgb_model,0.731953372497155,0.664783794312427,0.658008658008658,0.341991341991342
86,143,0.001102823330010324,9,0.9270970406445999,0.9633180217959921,0.05835119906075395,0.012307092432826265,0.017783443910055246,,43,62,800,False,10000,False,best_final_xgb_model,0.7025600016403695,0.6548500194779898,0.6587301587301587,0.3412698412698413
87,228,0.0025448354025788943,4,0.8616645765873501,0.8537451661555651,0.020296365116350915,0.00278712868047012,7.685437857514825,,43,62,800,False,10000,False,best_final_xgb_model,0.663796020053517,0.6585508375535645,0.6572871572871573,0.3427128427128427
88,267,0.09035259966529836,4,0.9124714826428828,0.8275512743705294,0.17582222331067676,1.2178330707350489,13.965274933275467,,43,62,800,False,10000,False,best_final_xgb_model,0.6895600734065348,0.6782236073237242,0.6616161616161617,0.3383838383838384
89,152,0.04014828864199915,8,0.8010567018374379,0.9510179044339347,0.0425420204463519,0.00044584826250956643,0.11310333733960812,,43,62,800,False,10000,False,best_final_xgb_model,0.7398168937553183,0.6661472536034281,0.6746031746031746,0.3253968253968254
90,344,0.003309999539810267,5,0.8631355794836945,0.8603652143405135,0.6776680411866334,0.0008768146499548463,19.852563873457715,,43,62,800,False,10000,False,best_final_xgb_model,0.6697013502291391,0.6618620958317102,0.6637806637806638,0.3362193362193362
91,330,0.013413969051444373,8,0.8560909746856613,0.9551506294001688,0.020279852571488597,0.0001055916168979272,33.06354411900401,,43,62,800,False,10000,False,best_final_xgb_model,0.7014835091604383,0.6682898324892871,0.6673881673881674,0.33261183261183264
92,314,0.035474687646521175,9,0.8446344384238851,0.8301823520419273,0.01748549975801021,0.0005726503012332827,0.025480568671944398,,43,62,800,False,10000,False,best_final_xgb_model,0.8504188068362398,0.6585508375535645,0.6652236652236653,0.3347763347763348
93,91,0.004818473513197562,9,0.9281517282269265,0.9449100589796875,0.34353267947207244,0.0665731670408101,0.36573772475699107,,43,62,800,False,10000,False,best_final_xgb_model,0.7050000512615466,0.668679392286716,0.6637806637806638,0.3362193362193362
94,91,0.04184103883727665,7,0.9389895455259663,0.898308187627401,0.15661872550745548,0.00014769036079224102,1.8493642456969193,,43,62,800,False,10000,False,best_final_xgb_model,0.6932611570756313,0.6739384495520062,0.6666666666666666,0.3333333333333333
95,155,0.09249412278712832,8,0.946596274751029,0.8830797662712571,0.05161458679461418,0.034857866009298195,45.33088618889723,,43,62,800,False,10000,False,best_final_xgb_model,0.7504177816053066,0.6696532917802883,0.6637806637806638,0.3362193362193362
96,141,0.023860765917513498,9,0.9736834231914703,0.9351195312271772,0.1006971087097538,0.16361921800553353,2.9802166137906974,,43,62,800,False,10000,False,best_final_xgb_model,0.7334502096597258,0.6597195169458512,0.6616161616161617,0.3383838383838384
97,117,0.06406396616313788,8,0.9282767852503084,0.9728863084867877,0.319088978096734,0.0012936593414765753,1.1551496918176904,,43,62,800,False,10000,False,best_final_xgb_model,0.746245091706907,0.6753019088430074,0.6666666666666666,0.3333333333333333
98,95,0.008697484290173257,8,0.8515628291081256,0.977933530553071,0.42241541817302547,0.010162243515538818,0.020278511055882516,,43,62,800,False,10000,False,best_final_xgb_model,0.6909236305477809,0.6729645500584339,0.6601731601731602,0.3398268398268398
99,411,0.05560578689030764,7,0.8515781279467024,0.9984881747898349,0.1033675040410427,0.001440799439087324,19.11095044686751,,43,62,800,False,10000,False,best_final_xgb_model,0.7762638534329858,0.6571873782625633,0.6587301587301587,0.3412698412698413
100,63,0.0010928711235827073,3,0.8256387388037173,0.8896352604238096,0.1450279230309821,0.300512673741329,1.6490200300302889,,43,62,800,False,10000,False,best_final_xgb_model,0.656496375808651,0.6532917802882743,0.6587301587301587,0.3412698412698413
101,397,0.017331037690434446,9,0.82462629513041,0.9329372151869373,0.024139297982659742,0.08322144924262076,0.0425495486256293,,43,62,800,False,10000,False,best_final_xgb_model,0.7949333087277909,0.6772497078301519,0.6717171717171717,0.3282828282828283
102,175,0.0888642544136697,3,0.9461509791776705,0.9656471321039227,0.09430824461514924,0.1568314372354781,14.985281399164226,,43,62,800,False,10000,False,best_final_xgb_model,0.6756066804047611,0.6622516556291391,0.6717171717171717,0.3282828282828283
103,149,0.008179701615061315,9,0.8405128038879975,0.9474176579660161,0.015732506836491283,4.20740803806349,0.152412195160035,,43,62,800,False,10000,False,best_final_xgb_model,0.7096443473892494,0.6659524737047137,0.665945165945166,0.33405483405483405
104,50,0.010876010202272338,7,0.9158321176431031,0.8542370031669656,0.018555764867004738,0.09362219912477719,0.048874515340330334,,43,62,800,False,10000,False,best_final_xgb_model,0.6784363177805801,0.6630307752239969,0.6616161616161617,0.3383838383838384
105,412,0.020826256301355043,6,0.8202436109393971,0.8435962868555451,0.024290633993118146,0.033583945231180176,7.407711155483791,,43,62,800,False,10000,False,best_final_xgb_model,0.6969109791980643,0.6630307752239969,0.6652236652236653,0.3347763347763348
106,434,0.004519141336669682,9,0.9854528345342624,0.9387833144280422,0.3788528750759359,0.09838732657374508,0.6592041147526986,,43,62,800,False,10000,False,best_final_xgb_model,0.7235567311536923,0.6741332294507207,0.6608946608946609,0.33910533910533913
107,360,0.03103149459693929,9,0.8202334416432718,0.8547106462216586,0.03545543312263282,0.06864583591786926,0.1592749469088181,,43,62,800,False,10000,False,best_final_xgb_model,0.8503880499082418,0.6747175691468641,0.6637806637806638,0.3362193362193362
108,412,0.03061235646874228,7,0.955020152440901,0.8046916841319246,0.02369314632887437,0.0002566129156160796,0.019011770178434546,,43,62,800,False,10000,False,best_final_xgb_model,0.7458555039522653,0.664394234514998,0.6666666666666666,0.3333333333333333
109,243,0.01799513608582116,9,0.831229397759816,0.923338316590417,0.21070626288845587,0.00032428910852582473,41.9622250075915,,43,62,800,False,10000,False,best_final_xgb_model,0.7146064651062651,0.6754966887417219,0.665945165945166,0.33405483405483405
110,109,0.02226654114136109,9,0.9994973829323484,0.8581505698723877,0.011569464031654614,0.24919410762493396,27.543651172374034,,43,62,800,False,10000,False,best_final_xgb_model,0.7092240027066097,0.6571873782625633,0.6688311688311688,0.33116883116883117
111,51,0.024817211636294648,4,0.8765173233141419,0.9240175491422594,0.08653549875214667,0.0017733936458831632,0.015805554482424378,,43,62,800,False,10000,False,best_final_xgb_model,0.6669639836373144,0.6612777561355668,0.6587301587301587,0.3412698412698413
112,399,0.002273630163035212,8,0.902077656745563,0.9526222964232592,0.18279324453081405,0.13174823386241097,0.05204251721294371,,43,62,800,False,10000,False,best_final_xgb_model,0.6914875075610781,0.668679392286716,0.6666666666666666,0.3333333333333333
113,357,0.005045500746123346,7,0.9088803502827,0.8399176913657274,0.03673276657249326,0.0040885791793750376,0.36475584664364025,,43,62,800,False,10000,False,best_final_xgb_model,0.6848235064948379,0.6657576938059993,0.6623376623376623,0.33766233766233766
114,380,0.0024591987092273423,8,0.9392437003939799,0.826773693491761,0.59706030480654,0.04737153285849394,11.011644083420128,,43,62,800,False,10000,False,best_final_xgb_model,0.6897958765211863,0.6640046747175692,0.6645021645021645,0.3354978354978355
115,111,0.07018023301567751,4,0.8234328704288916,0.8828094992689697,0.011468516671564103,0.06554143265625673,0.8530974761878193,,43,62,800,False,10000,False,best_final_xgb_model,0.676754939050021,0.6612777561355668,0.6695526695526696,0.33044733044733043
116,150,0.010483456108943225,7,0.9259814226701414,0.8914788849598765,0.1451667215921783,0.20013733606106238,0.2072549593901009,,43,62,800,False,10000,False,best_final_xgb_model,0.6831728846922769,0.6661472536034281,0.6666666666666666,0.3333333333333333
117,119,0.004279733452228339,6,0.8085408907338539,0.8814523340014404,0.05173934886723271,0.102367757821496,16.58183829772286,,43,62,800,False,10000,False,best_final_xgb_model,0.6720696336849875,0.6456953642384106,0.6637806637806638,0.3362193362193362
118,325,0.013737913820172799,4,0.9879142507974634,0.9763358511489555,0.023223042918198284,0.0008450264770481796,1.3113785621278542,,43,62,800,False,10000,False,best_final_xgb_model,0.6719978675196588,0.6657576938059993,0.6666666666666666,0.3333333333333333
119,318,0.002416654147340155,8,0.9196315746438987,0.8435799465536816,0.011475490721635739,2.791533085286825,0.45330514949768785,,43,62,800,False,10000,False,best_final_xgb_model,0.6894678026225407,0.6723802103622906,0.6637806637806638,0.3362193362193362
120,230,0.015635584490662626,7,0.8785305627178348,0.8742490338150515,0.21055432863540063,0.00015527558186184518,0.047316421196758,,43,62,800,False,10000,False,best_final_xgb_model,0.6928715693209896,0.6854304635761589,0.665945165945166,0.33405483405483405
121,407,0.08305827715695902,3,0.8469543289761469,0.9450102496957263,0.3430088328657337,0.018384993099171854,0.323323029311193,,43,62,800,False,10000,False,best_final_xgb_model,0.6840648356042198,0.6737436696532918,0.6681096681096681,0.3318903318903319
122,151,0.022061008537816788,9,0.8431073478580092,0.8408625940686512,0.01288643132170022,1.71291352944843,0.34654791993899614,,43,62,800,False,10000,False,best_final_xgb_model,0.735541680763592,0.6603038566419945,0.6594516594516594,0.34054834054834054
123,69,0.0015279899638949714,6,0.8116868602671969,0.8641228041906299,0.34527315363052113,0.07931097992216093,11.397059042027186,,43,62,800,False,10000,False,best_final_xgb_model,0.6683172884692277,0.6737436696532918,0.6565656565656566,0.3434343434343434
124,304,0.023723719540092544,5,0.9618383078881776,0.9987636638240764,0.11743731419586022,0.00017817950773591003,12.824583624928904,,43,62,800,False,10000,False,best_final_xgb_model,0.6806713212151037,0.6788079470198676,0.6652236652236653,0.3347763347763348
125,398,0.019466705936197124,8,0.943099974338841,0.9982373796737871,0.02493918964548047,0.1641936260969697,12.72727354788376,,43,62,800,False,10000,False,best_final_xgb_model,0.7320764002091471,0.668679392286716,0.6731601731601732,0.3268398268398268
126,354,0.09093589375643153,8,0.9743270452095316,0.8877290113873884,0.3483424717603812,6.126903465217039,15.655964840845007,,43,62,800,False,10000,False,best_final_xgb_model,0.857339115635797,0.6651733541098559,0.6623376623376623,0.33766233766233766
127,228,0.002972080611307081,9,0.8040005521360394,0.8717140436912485,0.519132195795455,0.7194449601921465,25.947868821197755,,43,62,800,False,10000,False,best_final_xgb_model,0.696193317544777,0.6638098948188547,0.665945165945166,0.33405483405483405
128,131,0.017564805964943767,9,0.9552171290907567,0.8878883587755492,0.06612455157833184,1.4050624050908282,0.49000391110110175,,43,62,800,False,10000,False,best_final_xgb_model,0.7246639805616215,0.6667315932995714,0.6623376623376623,0.33766233766233766
129,436,0.004509558162966939,6,0.9097847493191243,0.9661478120687317,0.04749939227897064,0.1535307308033945,1.5067555174950218,,43,62,800,False,10000,False,best_final_xgb_model,0.6760475297060663,0.6714063108687184,0.6652236652236653,0.3347763347763348
130,168,0.0013535119784380948,4,0.993254872601671,0.8829047464913424,0.010899698657213453,6.574561713800364,1.1828249294297417,,43,62,800,False,10000,False,best_final_xgb_model,0.662432462912271,0.6569925983638488,0.6565656565656566,0.3434343434343434
131,312,0.001488864821615602,7,0.9940555380617987,0.9596509474845256,0.5845006952839403,0.02920401051624385,0.5879795748858636,,43,62,800,False,10000,False,best_final_xgb_model,0.6766114067193635,0.6714063108687184,0.6652236652236653,0.3347763347763348
132,166,0.006646115831341742,8,0.8811446314544475,0.9512671619682043,0.2969136707190646,0.0012897845915549996,0.43608710706460935,,43,62,800,False,10000,False,best_final_xgb_model,0.694860517331529,0.650175301908843,0.665945165945166,0.33405483405483405
133,304,0.0019345823956947639,7,0.8222131012209749,0.8579410449518731,0.4788301642679761,0.001519295558091487,3.452782408560799,,43,62,800,False,10000,False,best_final_xgb_model,0.6784055608525821,0.6725749902610051,0.6616161616161617,0.3383838383838384
134,86,0.004684118743173652,7,0.802489584794615,0.9133752061193533,0.15289357658579916,0.0008555906715366036,0.05002823895674061,,43,62,800,False,10000,False,best_final_xgb_model,0.6775648714873025,0.668679392286716,0.6601731601731602,0.3398268398268398
135,229,0.003900463924323701,3,0.8240706784409517,0.9718129362443753,0.15955927439640982,0.0014985031409712214,27.74731350129327,,43,62,800,False,10000,False,best_final_xgb_model,0.6611201673176883,0.6667315932995714,0.6587301587301587,0.3412698412698413
136,246,0.023357329186338243,8,0.8765634026169297,0.8695949896866662,0.014782273794655793,0.0006830830399456677,0.11795344801321475,,43,62,800,False,10000,False,best_final_xgb_model,0.7325685110571156,0.6815348656018699,0.6681096681096681,0.3318903318903319
137,413,0.002959229476943514,4,0.9154023969827514,0.9786600713473546,0.17381882441919785,0.01345229438680201,0.03970115904911438,,43,62,800,False,10000,False,best_final_xgb_model,0.6668101989973242,0.664394234514998,0.6587301587301587,0.3412698412698413
138,355,0.0017258440394817983,8,0.8213705868906425,0.9682827938606445,0.1079223341499892,1.3123397503546916,0.01573738350664062,,43,62,800,False,10000,False,best_final_xgb_model,0.6906160612678006,0.666926373198286,0.6673881673881674,0.33261183261183264
139,209,0.052418608403847655,9,0.9250484534273031,0.9662577123239372,0.6112192868625135,1.4039159622547885,0.09308724764090194,,43,62,800,False,10000,False,best_final_xgb_model,0.8508186469002142,0.6608881963381379,0.6724386724386724,0.32756132756132755
140,168,0.01468580820032326,9,0.8511025532521562,0.853221981755701,0.044385629805490295,0.7891588872414724,4.091030017945316,,43,62,800,False,10000,False,best_final_xgb_model,0.7204195244978931,0.6793922867160109,0.663059163059163,0.33694083694083693
141,428,0.0020790393110795154,4,0.8072355710902714,0.9368266407869709,0.07743841582800347,0.02818994143385045,0.41060384969794617,,43,62,800,False,10000,False,best_final_xgb_model,0.6658772388480505,0.656213478768991,0.6572871572871573,0.3427128427128427
142,60,0.09979559355362144,3,0.9770002481657745,0.8074553753990293,0.4482561998086855,0.4095630787552096,0.020536423352991363,,43,62,800,False,10000,False,best_final_xgb_model,0.6701627041491096,0.6716010907674328,0.663059163059163,0.33694083694083693
143,300,0.0023510470576847044,8,0.9308860350950391,0.9928979221255088,0.09441650792725215,0.0016732041431399927,47.8754270756145,,43,62,800,False,10000,False,best_final_xgb_model,0.6852746081054758,0.654460459680561,0.663059163059163,0.33694083694083693
144,432,0.004350557695129268,6,0.9876934759917894,0.8940783470819395,0.6648339379187613,0.4978905591123737,1.232561260215244,,43,62,800,False,10000,False,best_final_xgb_model,0.6760782866340643,0.6661472536034281,0.6681096681096681,0.3318903318903319
145,304,0.0037146424022824398,3,0.9690402775120385,0.9104916943633787,0.025693507583023172,1.4982815035088926,15.864467465542653,,43,62,800,False,10000,False,best_final_xgb_model,0.6628630599042434,0.6620568757304246,0.6594516594516594,0.34054834054834054
146,53,0.027207299147262328,6,0.9960961251059327,0.9693083186563055,0.07218936419580566,1.901884511073942,2.5845257843862277,,43,62,800,False,10000,False,best_final_xgb_model,0.6733101631142415,0.679002726918582,0.6616161616161617,0.3383838383838384
147,442,0.095486545398102,3,0.8925136139599981,0.8593910615923255,0.4424547169410147,0.10755233640274971,0.19645279992397183,,43,62,800,False,10000,False,best_final_xgb_model,0.6867714452680467,0.6766653681340086,0.6666666666666666,0.3333333333333333
148,346,0.0034672315030779095,9,0.8803758090663594,0.9409120782943665,0.34480273261690547,0.03813310993109834,1.2673812847136496,,43,62,800,False,10000,False,best_final_xgb_model,0.7150678190262356,0.6702376314764317,0.6666666666666666,0.3333333333333333
149,257,0.021970266791077837,3,0.9119686388622648,0.8812082709672814,0.06298079740647819,0.0005301379612947367,0.11321523751784647,,43,62,800,False,10000,False,best_final_xgb_model,0.6705933011410821,0.6616673159329958,0.6681096681096681,0.3318903318903319
150,80,0.05319146429593466,8,0.8875059585680323,0.8094791576384164,0.06716648878988736,0.002471443550318131,0.01996981386998391,,43,62,800,False,10000,False,best_final_xgb_model,0.7180512410420448,0.6587456174522789,0.6645021645021645,0.3354978354978355
151,199,0.00214134172847749,3,0.9008228268451365,0.9787254412320481,0.7565610262800309,0.012734785730091338,15.36533112060623,,43,62,800,False,10000,False,best_final_xgb_model,0.6591619762351469,0.6671211530970004,0.6558441558441559,0.34415584415584416
152,107,0.006950090830744179,6,0.9865298853782971,0.936259602255454,0.0175756947304515,1.952386871785602,0.769368847572807,,43,62,800,False,10000,False,best_final_xgb_model,0.6716800459303458,0.6587456174522789,0.6587301587301587,0.3412698412698413
153,277,0.004840758054262517,8,0.9327201896638383,0.888219012677151,0.6530462146342667,0.004091346959896406,0.36284627430199967,,43,62,800,False,10000,False,best_final_xgb_model,0.6944606772675546,0.6673159329957148,0.6645021645021645,0.3354978354978355
154,348,0.017758736773556917,5,0.8143043006284963,0.9825727469571907,0.01576338850460413,0.007210874910677334,0.268319725669768,,43,62,800,False,10000,False,best_final_xgb_model,0.681296712084397,0.6655629139072847,0.6724386724386724,0.32756132756132755
155,165,0.0017536448863448835,9,0.9551213508663725,0.9330559641210461,0.22455726163652487,0.0010407893904120827,0.04313988149604667,,43,62,800,False,10000,False,best_final_xgb_model,0.7026932816616943,0.6723802103622906,0.658008658008658,0.341991341991342
156,410,0.0013798352660561305,3,0.8320112489417164,0.9280140400617196,0.02643093375326115,0.13109374388545222,2.2705143816944187,,43,62,800,False,10000,False,best_final_xgb_model,0.6605152810670604,0.6610829762368523,0.6558441558441559,0.34415584415584416
157,186,0.001224864256408384,8,0.8280171459942555,0.8774403885697292,0.5039499276745852,0.031137627283771,0.2596406015481407,,43,62,800,False,10000,False,best_final_xgb_model,0.6867406883400486,0.660498636540709,0.6688311688311688,0.33116883116883117
158,351,0.001131607911700603,3,0.8122798225089997,0.9661237581714516,0.02327540754129337,0.03999772877897854,0.01114649066506523,,43,62,800,False,10000,False,best_final_xgb_model,0.6588646592644993,0.6719906505648617,0.6565656565656566,0.3434343434343434
159,430,0.0021459640021651034,4,0.9636092497720696,0.9274787559655032,0.7959714836684109,1.159603711573898,31.494800629143047,,43,62,800,False,10000,False,best_final_xgb_model,0.6655799218774029,0.6581612777561355,0.6536796536796536,0.3463203463203463
160,57,0.003522464968733131,4,0.8264617844587514,0.9084762559215578,0.013624085460127253,0.00014846518611977885,0.8325307059744299,,43,62,800,False,10000,False,best_final_xgb_model,0.6617455581869817,0.6645890144137125,0.6623376623376623,0.33766233766233766
161,420,0.014793416195263883,9,0.8243700394361515,0.9404373448845877,0.09105039889936083,0.003560649459825333,3.2412558342334896,,43,62,800,False,10000,False,best_final_xgb_model,0.7681235198228401,0.6630307752239969,0.6695526695526696,0.33044733044733043
162,239,0.003079475356943337,6,0.9332879188809656,0.9667823235208951,0.14873580408928952,0.0020561143399023085,1.7856674032942037,,43,62,800,False,10000,False,best_final_xgb_model,0.6713314674130347,0.668679392286716,0.6594516594516594,0.34054834054834054
163,430,0.011361456496287158,8,0.8319636199948977,0.9905213155272862,0.19971149000251304,2.327430377857157,0.041849741583431736,,43,62,800,False,10000,False,best_final_xgb_model,0.7231979003270487,0.6645890144137125,0.676046176046176,0.32395382395382394
164,369,0.004492682540793028,5,0.8906182054017721,0.9355619043565525,0.028041123546467716,0.0011408803120654153,0.032930826258701015,,43,62,800,False,10000,False,best_final_xgb_model,0.6702549749331037,0.6704324113751461,0.6637806637806638,0.3362193362193362
165,413,0.002416236603408522,5,0.9674286340220976,0.9722643203355754,0.19539778721627327,0.06676736526529549,21.201668511510352,,43,62,800,False,10000,False,best_final_xgb_model,0.6677226545279324,0.6819244253992988,0.6594516594516594,0.34054834054834054
166,202,0.0018072546412492613,6,0.9896035162501828,0.8344138148327662,0.04119812284008766,0.0008494089003793313,0.0514172929957652,,43,62,800,False,10000,False,best_final_xgb_model,0.6706650673064107,0.6655629139072847,0.6572871572871573,0.3427128427128427
167,359,0.0014140466600712702,4,0.8434441059027619,0.9783596956311291,0.7545217921064467,0.032247663812283583,0.16187025448766074,,43,62,800,False,10000,False,best_final_xgb_model,0.6634269369175406,0.6655629139072847,0.6565656565656566,0.3434343434343434
168,233,0.019283644626252133,3,0.9423711667554457,0.9381828328737221,0.032986036821439566,0.45564581311332,0.4359157200617945,,43,62,800,False,10000,False,best_final_xgb_model,0.6692297439998359,0.6603038566419945,0.665945165945166,0.33405483405483405
169,400,0.0620563880084118,6,0.8155670934442656,0.8185721594924248,0.05613694590094892,0.40560272297507083,7.149678420265174,,43,62,800,False,10000,False,best_final_xgb_model,0.74598878397359,0.6727697701597195,0.6637806637806638,0.3362193362193362
170,184,0.045822842100315536,4,0.9682334454596164,0.8876501021332078,0.5215097954060123,6.865575783601738,12.818513148410675,,43,62,800,False,10000,False,best_final_xgb_model,0.6749197756794718,0.664783794312427,0.6688311688311688,0.33116883116883117
171,171,0.0024128657246884626,3,0.9630647963937735,0.9214642107453533,0.15777500704072742,1.4602381389754215,0.12335933828960612,,43,62,800,False,10000,False,best_final_xgb_model,0.6597053486297788,0.664394234514998,0.6608946608946609,0.33910533910533913
172,247,0.005201140911903771,8,0.9514419262323339,0.9933932969223955,0.45640981285967597,0.03971600884992116,15.202010623582495,,43,62,800,False,10000,False,best_final_xgb_model,0.689713858046525,0.6696532917802883,0.665945165945166,0.33405483405483405
173,89,0.015573420853341449,7,0.8298860027173033,0.9599516799027056,0.5598554593996184,0.15231795827523642,30.97452928882104,,43,62,800,False,10000,False,best_final_xgb_model,0.680630311977773,0.6688741721854304,0.6652236652236653,0.3347763347763348
174,144,0.00413089169796209,5,0.8964668621962979,0.9601671028539823,0.09995113961591601,0.0005503495364912211,0.08135713223531305,,43,62,800,False,10000,False,best_final_xgb_model,0.6662668266026922,0.6684846123880016,0.6594516594516594,0.34054834054834054
175,130,0.05571321200593644,7,0.8677202898603866,0.9973025846541231,0.11778334376004068,0.013689193537956282,5.560890064845767,,43,62,800,False,10000,False,best_final_xgb_model,0.7088139103333025,0.6680950525905727,0.6796536796536796,0.3203463203463203
176,378,0.0032723929091320035,5,0.9160281289920374,0.9137228656103166,0.10729358797218715,0.14386463602273064,0.0694058140753223,,43,62,800,False,10000,False,best_final_xgb_model,0.6697321071571372,0.6636151149201402,0.6594516594516594,0.34054834054834054
177,110,0.00690239428927212,4,0.8066074125265142,0.8345344681316802,0.10329125009239519,2.903260269226149,4.983185999344276,,43,62,800,False,10000,False,best_final_xgb_model,0.6646162048001313,0.6614725360342812,0.6565656565656566,0.3434343434343434
178,218,0.004440342675312902,3,0.8659860160408926,0.953943667397183,0.71523378704821,0.0002427222009068198,0.06149337277333968,,43,62,800,False,10000,False,best_final_xgb_model,0.6618173243523103,0.6612777561355668,0.6616161616161617,0.3383838383838384
179,396,0.020162383015933136,3,0.9878813594042689,0.9689969225036867,0.31673186519650703,0.02623567017314735,0.015164561688256932,,43,62,800,False,10000,False,best_final_xgb_model,0.6713929812690308,0.6673159329957148,0.6738816738816739,0.32611832611832614
180,165,0.02245860063044897,9,0.8722642979677214,0.9667025221485258,0.3566132450931336,0.15238857473814896,0.015273135803000689,,43,62,800,False,10000,False,best_final_xgb_model,0.7466756886988795,0.6706271912738605,0.665945165945166,0.33405483405483405
181,266,0.007239651063779422,6,0.914064860535314,0.9110148449783314,0.015304015380082912,0.04711813696867488,0.045482666397819914,,43,62,800,False,10000,False,best_final_xgb_model,0.6758629881380781,0.6612777561355668,0.6652236652236653,0.3347763347763348
182,433,0.02361012281897483,6,0.9936177110243936,0.8063747979825833,0.014379267046223557,5.415204828979422,0.042812023853984166,,43,62,800,False,10000,False,best_final_xgb_model,0.7013399768297809,0.6712115309700039,0.6623376623376623,0.33766233766233766
183,204,0.002905122426824005,7,0.9828190866235456,0.8858807980298358,0.015277592753220087,0.0002790377425733729,0.08774731209274975,,43,62,800,False,10000,False,best_final_xgb_model,0.6794000348578517,0.6583560576548501,0.6572871572871573,0.3427128427128427
184,106,0.002642928062809563,4,0.9928747619926706,0.8306666674351375,0.06308440422865903,0.3876180512913555,8.114970743297937,,43,62,800,False,10000,False,best_final_xgb_model,0.6633039092055486,0.6593299571484222,0.6587301587301587,0.3412698412698413
185,149,0.022290338303275644,5,0.8919894600089437,0.9692969681758746,0.17356657009550328,0.0008604702200082885,15.664544343065533,,43,62,800,False,10000,False,best_final_xgb_model,0.6740995909328577,0.6684846123880016,0.663059163059163,0.33694083694083693
186,258,0.002514917450917052,9,0.8295785011078896,0.8996199284666441,0.4370659736115772,0.00014133110365056165,0.04313293239349125,,43,62,800,False,10000,False,best_final_xgb_model,0.7084345748879936,0.6581612777561355,0.6652236652236653,0.3347763347763348
187,341,0.013035845929156159,8,0.8800354401220125,0.8656167170724935,0.07336293676705899,5.232786796574828,0.013802413327495607,,43,62,800,False,10000,False,best_final_xgb_model,0.7103415044238715,0.6717958706661472,0.6688311688311688,0.33116883116883117
188,280,0.02354505551975623,8,0.9160556190838341,0.806538582578563,0.015632211079085696,0.016323989522198587,0.05410208229723523,,43,62,800,False,10000,False,best_final_xgb_model,0.7419596264058479,0.6612777561355668,0.6688311688311688,0.33116883116883117
189,312,0.0012507836513152622,9,0.9815103275654968,0.884532950026656,0.060418480996754634,0.6147819995220294,0.5195988090417579,,43,62,800,False,10000,False,best_final_xgb_model,0.7054409005628518,0.6634203350214258,0.6565656565656566,0.3434343434343434
190,198,0.007806871843313689,6,0.8654295839684817,0.8132423929041659,0.6999820787785485,0.5585235663469758,14.966139557894298,,43,62,800,False,10000,False,best_final_xgb_model,0.6748377572048104,0.6634203350214258,0.6645021645021645,0.3354978354978355
191,169,0.0021496545082020113,6,0.9796007242892261,0.8588776578490702,0.03794073446266523,0.08738030385290045,0.0591701363731416,,43,62,800,False,10000,False,best_final_xgb_model,0.6699166487251254,0.6677054927931437,0.6551226551226551,0.3448773448773449
192,255,0.056614213847103294,5,0.8780954180231372,0.949039676900592,0.6882955222123287,0.0006144673342041721,0.025271344934040922,,43,62,800,False,10000,False,best_final_xgb_model,0.6977004070166805,0.6704324113751461,0.670995670995671,0.329004329004329
193,78,0.03893245966406205,3,0.9411994331269893,0.9174691252423969,0.10574550149456818,0.057502650804305715,0.2785041875533929,,43,62,800,False,10000,False,best_final_xgb_model,0.6667589374506607,0.6706271912738605,0.6616161616161617,0.3383838383838384
194,354,0.07707131325118671,8,0.8024923165877954,0.9214166911368712,0.06633422260391526,0.28254776121048547,0.01827516145560681,,43,62,800,False,10000,False,best_final_xgb_model,0.9127015860322538,0.6698480716790027,0.6608946608946609,0.33910533910533913
195,284,0.002156823186690899,3,0.8175822429716623,0.8821391091419534,0.38500716538387375,0.19340040766952477,0.5363179032360619,,43,62,800,False,10000,False,best_final_xgb_model,0.6610073919150289,0.6653681340085703,0.6608946608946609,0.33910533910533913
196,239,0.011261413000950017,5,0.9712051019179785,0.8665598374260299,0.01598126008022803,0.0008964214827529782,12.369062105682579,,43,62,800,False,10000,False,best_final_xgb_model,0.672848809194271,0.6630307752239969,0.6652236652236653,0.3347763347763348
197,198,0.020345229131695872,5,0.9932833264918888,0.8882352933385346,0.661565495831079,0.0966526875716892,0.2626993255355003,,43,62,800,False,10000,False,best_final_xgb_model,0.6765601451727001,0.6657576938059993,0.665945165945166,0.33405483405483405
198,441,0.0029942369783274754,9,0.8744106784464679,0.8367054178647527,0.021676548956913375,0.00013094959759597696,39.20537149880785,,43,62,800,False,10000,False,best_final_xgb_model,0.6988281610432749,0.6677054927931437,0.6637806637806638,0.3362193362193362
199,273,0.09936379847197596,9,0.901243932311933,0.8806335155644545,0.3512109863148148,0.4154614402125138,0.5634568710103862,,43,62,800,False,10000,False,best_final_xgb_model,0.9667517608341278,0.6492014024152707,0.6544011544011544,0.34559884559884557
200,361,0.0022451618983725693,7,0.8161183276016919,0.8109847138420795,0.5543387166163527,0.00015692365326380902,14.685834214456353,,43,62,800,False,10000,False,best_final_xgb_model,0.6790822132685388,0.664783794312427,0.6637806637806638,0.3362193362193362
201,272,0.0024089371430227255,5,0.890340060184382,0.8203266346991138,0.19253129908533448,0.000628720183509042,17.852057646138245,,43,62,800,False,10000,False,best_final_xgb_model,0.666974235946647,0.6729645500584339,0.658008658008658,0.341991341991342
202,134,0.041494387933112525,3,0.8143096072222468,0.940339762389135,0.0558292389132675,0.14447152683569467,0.0290868138160686,,43,62,800,False,10000,False,best_final_xgb_model,0.6703677503357631,0.6573821581612778,0.665945165945166,0.33405483405483405
203,419,0.0010667183423338279,4,0.8382500589167918,0.866008584332816,0.30965747179570285,0.02610109535063858,0.21666676491731685,,43,62,800,False,10000,False,best_final_xgb_model,0.6639395523841746,0.6657576938059993,0.658008658008658,0.341991341991342
204,172,0.09107418668372233,9,0.8274974852965187,0.9764886235914916,0.07835334756072843,0.010192359870524203,0.6743385150252118,,43,62,800,False,10000,False,best_final_xgb_model,0.8930376567321789,0.6558239189715621,0.6587301587301587,0.3412698412698413
205,114,0.0013329758130222488,6,0.9033715509942322,0.9426392940438787,0.6926507193686731,0.6514213247656929,0.014732016432514506,,43,62,800,False,10000,False,best_final_xgb_model,0.6694860517331529,0.6628359953252825,0.6587301587301587,0.3412698412698413
206,422,0.02268585374932861,8,0.9247408496362994,0.9164867161984652,0.06929415015331461,7.563238735370275,35.32000728582759,,43,62,800,False,10000,False,best_final_xgb_model,0.7218958570417987,0.6628359953252825,0.670995670995671,0.329004329004329
207,108,0.002276949104862811,3,0.8144796023332419,0.8515992416613413,0.3256738940755391,0.0018471145107084976,1.9369447111987772,,43,62,800,False,10000,False,best_final_xgb_model,0.6567834404699658,0.6616673159329958,0.6623376623376623,0.33766233766233766
208,82,0.07531139726029994,9,0.804155466317557,0.8793048226684302,0.5554846971472895,0.017110753225263776,0.4934516973894125,,43,62,800,False,10000,False,best_final_xgb_model,0.7784783522488441,0.6589403973509934,0.6681096681096681,0.3318903318903319
209,355,0.0011997042192885647,4,0.9709823761910777,0.835734198335456,0.2916077834837883,0.24452960879135582,0.04467920374608489,,43,62,800,False,10000,False,best_final_xgb_model,0.6641958601174914,0.6564082586677055,0.658008658008658,0.341991341991342
210,214,0.0010230779992068519,4,0.8653089424119265,0.8526878283750438,0.6227543332596575,0.4248202597710566,0.011073137229438023,,43,62,800,False,10000,False,best_final_xgb_model,0.6621351459416234,0.662641215426568,0.6608946608946609,0.33910533910533913
211,286,0.0010779315387219712,5,0.8504287507394215,0.9001152473983899,0.21750560035817393,0.008781476291842885,1.1288262927774124,,43,62,800,False,10000,False,best_final_xgb_model,0.6659797619413773,0.6589403973509934,0.6572871572871573,0.3427128427128427
212,296,0.01059498727128791,3,0.9577596237034145,0.9644190887538302,0.634475587080187,0.0011269792710604497,0.819737827728313,,43,62,800,False,10000,False,best_final_xgb_model,0.6671280205866371,0.6712115309700039,0.663059163059163,0.33694083694083693
213,239,0.07450647290773604,7,0.8924868464409955,0.814402884217248,0.04629326844305524,2.268378296841838,4.065222986687279,,43,62,800,False,10000,False,best_final_xgb_model,0.7661038148843027,0.6659524737047137,0.6652236652236653,0.3347763347763348
214,144,0.0074746684731137065,3,0.9689361590166249,0.8953254602940163,0.5603951833867938,0.04183002123920081,1.3236867733380018,,43,62,800,False,10000,False,best_final_xgb_model,0.6624222106029383,0.6567978184651344,0.658008658008658,0.341991341991342
215,431,0.03245362167375074,3,0.9894577710612475,0.9282011501615888,0.7377760651198124,1.1785128113095595,0.049098707957428864,,43,62,800,False,10000,False,best_final_xgb_model,0.6743866555941725,0.6793922867160109,0.6695526695526696,0.33044733044733043
216,350,0.07406975313714947,8,0.8922640093902657,0.9163431822741508,0.5212378999941105,0.0978140245804275,20.850272703913713,,43,62,800,False,10000,False,best_final_xgb_model,0.8388439495996474,0.6530970003895598,0.6601731601731602,0.3398268398268398
217,414,0.07092786995854948,5,0.8296763357612653,0.9599302580923529,0.5084633297490991,0.0007196086742038987,11.585462456791603,,43,62,800,False,10000,False,best_final_xgb_model,0.7195788351326137,0.6569925983638488,0.6681096681096681,0.3318903318903319
218,126,0.008263949607887039,8,0.9745923384421895,0.862944255254811,0.011876611728918622,0.0009683158743695966,0.7721196873100631,,43,62,800,False,10000,False,best_final_xgb_model,0.6931586339823045,0.6663420335021426,0.6623376623376623,0.33766233766233766
219,404,0.039369370306457166,6,0.9424889023769845,0.8395906788906534,0.5725679351764711,2.5189007378853554,12.668491812015557,,43,62,800,False,10000,False,best_final_xgb_model,0.7131711417996904,0.6846513439813011,0.6601731601731602,0.3398268398268398
220,423,0.00849901731996647,6,0.9451145839009466,0.9297446269395062,0.6993664373175112,0.03026211076866567,0.1309486098442969,,43,62,800,False,10000,False,best_final_xgb_model,0.682567998441649,0.6714063108687184,0.6652236652236653,0.3347763347763348
221,212,0.003982979091135202,3,0.8862103376062916,0.8575910172444985,0.012446554168041569,0.00046904140487531536,0.18116015008201006,,43,62,800,False,10000,False,best_final_xgb_model,0.6617558104963143,0.654070899883132,0.6623376623376623,0.33766233766233766
222,438,0.003764753889840707,5,0.8167505049234898,0.9100801539065595,0.4992254925248246,2.578378071885516,0.7303560858905792,,43,62,800,False,10000,False,best_final_xgb_model,0.6707060765437415,0.6657576938059993,0.6637806637806638,0.3362193362193362
223,248,0.035228516953731234,3,0.8509600981750551,0.9151949713950732,0.032418788107778485,0.00014927944494654515,13.816710172156009,,43,62,800,False,10000,False,best_final_xgb_model,0.67250023067696,0.6696532917802883,0.6688311688311688,0.33116883116883117
224,233,0.006793903643764685,7,0.8950607226287571,0.9417994712799208,0.5657813627579947,0.06977627798276048,0.7361441216945148,,43,62,800,False,10000,False,best_final_xgb_model,0.6832549031669384,0.6548500194779898,0.6673881673881674,0.33261183261183264
225,429,0.008226874246806194,7,0.9114777244758575,0.9245982582912136,0.028340612583123953,0.007996428475489571,24.543687799060066,,43,62,800,False,10000,False,best_final_xgb_model,0.6871200237853576,0.6776392676275809,0.6673881673881674,0.33261183261183264
226,297,0.07621458379146098,4,0.8471211251458187,0.8476768710320166,0.06852015395772829,0.013591107027271331,0.3922414246874495,,43,62,800,False,10000,False,best_final_xgb_model,0.6912004428997631,0.6673159329957148,0.6688311688311688,0.33116883116883117
227,216,0.059434108816993465,8,0.9822152704190321,0.9439288686877723,0.013282484662189441,3.3649537369088227,37.08313010408276,,43,62,800,False,10000,False,best_final_xgb_model,0.742749054224464,0.6764705882352942,0.6572871572871573,0.3427128427128427
228,197,0.006595092314520926,8,0.9076983578002513,0.9168929977435353,0.08118878815289417,0.0004921153451758917,0.17751538100005157,,43,62,800,False,10000,False,best_final_xgb_model,0.6960292805954541,0.6612777561355668,0.6637806637806638,0.3362193362193362
229,249,0.03019198742031579,9,0.9232190314049222,0.8543538171519305,0.5844566578416133,0.00808117838069543,2.8712132722832258,,43,62,800,False,10000,False,best_final_xgb_model,0.7885973815601964,0.6661472536034281,0.6652236652236653,0.3347763347763348
230,213,0.004468666257063996,9,0.8790028911700208,0.9229468162260758,0.011582638521340772,0.0055849509199879565,19.26329393293378,,43,62,800,False,10000,False,best_final_xgb_model,0.6999046535232061,0.666926373198286,0.6666666666666666,0.3333333333333333
231,129,0.014200157639197934,4,0.8807471214986055,0.8025462099120163,0.09484798378155043,0.12640443315419977,0.014587009030854138,,43,62,800,False,10000,False,best_final_xgb_model,0.6681224945919069,0.6587456174522789,0.658008658008658,0.341991341991342
232,356,0.003954690303390159,5,0.9727801357784417,0.8253325350247424,0.11151780598049928,0.04986947969148186,0.02148627020705027,,43,62,800,False,10000,False,best_final_xgb_model,0.6700089195091194,0.670821971172575,0.6601731601731602,0.3398268398268398
233,64,0.007949361571188336,9,0.979211944035317,0.8846266694959513,0.22614310010908031,0.2055925857551683,1.068649810979661,,43,62,800,False,10000,False,best_final_xgb_model,0.706066291432145,0.6527074405921309,0.6616161616161617,0.3383838383838384
234,259,0.03850550134424093,7,0.9561585173437055,0.9313385206941193,0.01648292182315879,0.0007309552505072307,0.19600369201563436,,43,62,800,False,10000,False,best_final_xgb_model,0.7325992679851137,0.6628359953252825,0.6601731601731602,0.3398268398268398
235,406,0.022299176938147904,4,0.9927229792605012,0.8212789589475519,0.23802423046968926,0.05132933416926455,0.39894757074937703,,43,62,800,False,10000,False,best_final_xgb_model,0.6777596653646234,0.6616673159329958,0.665945165945166,0.33405483405483405
236,256,0.002743240295540861,3,0.8597116294667334,0.9149942438285729,0.28066259495692625,0.000981563010196187,0.03316269816450768,,43,62,800,False,10000,False,best_final_xgb_model,0.6621351459416234,0.6499805220101286,0.6558441558441559,0.34415584415584416
237,78,0.019253614592394896,4,0.9590981849239008,0.8680948943110903,0.046411928248372404,0.00026159108552538575,1.0398318052455076,,43,62,800,False,10000,False,best_final_xgb_model,0.6671177682773045,0.6743280093494352,0.6565656565656566,0.3434343434343434
238,193,0.05289991656655477,6,0.9538184254413373,0.9455542560112027,0.25071747252316423,0.03823055246741199,6.173319795516305,,43,62,800,False,10000,False,best_final_xgb_model,0.702703533971027,0.6640046747175692,0.6652236652236653,0.3347763347763348
239,199,0.002103888598445771,4,0.832633894375747,0.807488462100043,0.3024537971350791,0.33011509430203806,0.08727555916171138,,43,62,800,False,10000,False,best_final_xgb_model,0.6628630599042434,0.6585508375535645,0.6616161616161617,0.3383838383838384
240,291,0.00953802906325369,9,0.9675467562675784,0.9161159562582911,0.20270939655661482,0.5238708696023753,0.1704208032356262,,43,62,800,False,10000,False,best_final_xgb_model,0.7331631449984108,0.6585508375535645,0.6695526695526696,0.33044733044733043
241,71,0.0018867119255079445,7,0.8919858583377058,0.9866661033514459,0.37953077625445386,0.45791822521553155,4.192093260274624,,43,62,800,False,10000,False,best_final_xgb_model,0.6750530557007967,0.6653681340085703,0.6594516594516594,0.34054834054834054
242,290,0.0016312297598826601,5,0.9524981643504629,0.8401044400096169,0.3126681343934668,0.0017568239676146438,2.208923325609573,,43,62,800,False,10000,False,best_final_xgb_model,0.6672510482986292,0.6552395792754188,0.6572871572871573,0.3427128427128427
243,205,0.012821658589050933,4,0.8498240963642163,0.8896401724743271,0.06990287153574379,0.014682699902649771,0.5087433769865387,,43,62,800,False,10000,False,best_final_xgb_model,0.6696295840638103,0.666536813400857,0.6608946608946609,0.33910533910533913
244,187,0.008377082058123196,5,0.8259538280228492,0.8710164790438247,0.35868734604125274,2.5654393189866025,0.9375928613726932,,43,62,800,False,10000,False,best_final_xgb_model,0.6703369934077651,0.6727697701597195,0.6637806637806638,0.3362193362193362
245,400,0.0016711701810084101,6,0.9610598233669987,0.8119002352726266,0.5818488010689024,0.008912460936312998,0.050885998224402484,,43,62,800,False,10000,False,best_final_xgb_model,0.6713929812690308,0.6696532917802883,0.6558441558441559,0.34415584415584416
246,248,0.0025243897496044776,4,0.9355871902341523,0.8493660968060448,0.12402823878058684,0.4611952221839899,0.5432315484290615,,43,62,800,False,10000,False,best_final_xgb_model,0.6650980633387671,0.6447214647448384,0.6565656565656566,0.3434343434343434
247,263,0.0016391902951459507,8,0.8062701268794391,0.9643413987493366,0.699991942144637,0.0001279297613669452,16.706345651107185,,43,62,800,False,10000,False,best_final_xgb_model,0.6856436912414522,0.6700428515777171,0.6645021645021645,0.3354978354978355
248,266,0.06229112045556419,8,0.849770359657594,0.8489173260289843,0.14401310811733203,0.11786169885129334,2.890017841830324,,43,62,800,False,10000,False,best_final_xgb_model,0.8240191103045961,0.6680950525905727,0.6652236652236653,0.3347763347763348
249,89,0.008421932240572649,9,0.872553906827303,0.9467000202207039,0.060139252417670375,0.0002989644702768938,10.01831953218824,,43,62,800,False,10000,False,best_final_xgb_model,0.7012989675924503,0.668679392286716,0.6623376623376623,0.33766233766233766
250,148,0.001963006658210875,4,0.9322229765415878,0.8806192121769671,0.2547011852667266,0.09230538730237613,0.7655988020298922,,43,62,800,False,10000,False,best_final_xgb_model,0.6626375090989245,0.6610829762368523,0.658008658008658,0.341991341991342
251,253,0.013469797426913052,9,0.972442297082526,0.8025595592167527,0.21723323867371427,0.0008302835042328458,0.07611019798240772,,43,62,800,False,10000,False,best_final_xgb_model,0.7433744450937574,0.6751071289442929,0.6673881673881674,0.33261183261183264
252,285,0.00802016317805577,9,0.9558005747260541,0.829381247487111,0.05070978267604753,0.016425948763491224,28.18776152085653,,43,62,800,False,10000,False,best_final_xgb_model,0.7075221193573853,0.6725749902610051,0.6637806637806638,0.3362193362193362
253,416,0.0072028280941853675,8,0.853958048113148,0.8086874955824009,0.08612055282926757,0.5030988685184155,0.5905630721901128,,43,62,800,False,10000,False,best_final_xgb_model,0.7057792267708302,0.6753019088430074,0.6666666666666666,0.3333333333333333
254,286,0.02605557210763195,8,0.913938218195386,0.8414564950878937,0.014142946995396954,0.035765670247699805,9.88751595642063,,43,62,800,False,10000,False,best_final_xgb_model,0.7331323880704128,0.6727697701597195,0.6688311688311688,0.33116883116883117
255,87,0.07192318865857436,9,0.919219669785727,0.84381508448927,0.1491502186509794,3.8553272452498257,0.1565424098311193,,43,62,800,False,10000,False,best_final_xgb_model,0.7654374147776787,0.6515387611998442,0.6652236652236653,0.3347763347763348
256,422,0.012560838490868247,7,0.9523593104293164,0.9192894720480026,0.0334002777396881,0.002410995429516418,0.0810264809702487,,43,62,800,False,10000,False,best_final_xgb_model,0.7036672510482986,0.6723802103622906,0.6695526695526696,0.33044733044733043
257,57,0.0010079998435221652,7,0.8499828143146928,0.8390416003138444,0.010294625849675068,0.0001162656170686571,0.09209930004538813,,43,62,800,False,10000,False,best_final_xgb_model,0.671546765909021,0.6552395792754188,0.6601731601731602,0.3398268398268398
258,318,0.002309845200246996,6,0.8410905351355649,0.8932198422666009,0.42129758832606706,1.671356572659316,0.09372204546795171,,43,62,800,False,10000,False,best_final_xgb_model,0.6716185320743497,0.6680950525905727,0.6594516594516594,0.34054834054834054
259,58,0.005968808355439609,3,0.9928274249248189,0.9637837810338474,0.05079109213106363,0.016715407749240654,27.227217958423754,,43,62,800,False,10000,False,best_final_xgb_model,0.6566604127579737,0.650175301908843,0.6616161616161617,0.3383838383838384
260,50,0.0024366745045142596,9,0.9359039030064181,0.9162593405428349,0.05100002280393381,0.6859265878493997,28.596102041109965,,43,62,800,False,10000,False,best_final_xgb_model,0.692000123027712,0.6675107128944293,0.6601731601731602,0.3398268398268398
261,272,0.03382575028328171,7,0.8660771078271597,0.8102113018737928,0.31968286882434355,0.21483063205731295,0.12296698695472384,,43,62,800,False,10000,False,best_final_xgb_model,0.7273910948441137,0.6733541098558629,0.6717171717171717,0.3282828282828283
262,265,0.03613908204688592,4,0.850800096757912,0.9065651668325035,0.15841106705186705,0.0064746210401681785,0.7272116183107565,,43,62,800,False,10000,False,best_final_xgb_model,0.6777699176739561,0.6714063108687184,0.6688311688311688,0.33116883116883117
263,401,0.011381083254784322,5,0.9255926792689506,0.8002277707196752,0.5211367100037259,0.13579256605564347,10.41045251724712,,43,62,800,False,10000,False,best_final_xgb_model,0.6770522560206687,0.6682898324892871,0.6695526695526696,0.33044733044733043
264,71,0.02850797321923623,5,0.8537814173051888,0.8365400445804798,0.08241980462818663,0.0027358692041246063,0.03878880910704872,,43,62,800,False,10000,False,best_final_xgb_model,0.6720696336849875,0.6622516556291391,0.6637806637806638,0.3362193362193362
265,354,0.006543304398964348,7,0.8024392279438388,0.9582897905506869,0.014269154349392217,0.03523680891368644,0.045450852993580454,,43,62,800,False,10000,False,best_final_xgb_model,0.686761192958714,0.6663420335021426,0.6717171717171717,0.3282828282828283
266,132,0.001955500570044481,7,0.8455043139071743,0.9499368083556753,0.07947443936581564,0.5553155685543519,31.07151971950026,,43,62,800,False,10000,False,best_final_xgb_model,0.6759245019940742,0.6661472536034281,0.6594516594516594,0.34054834054834054
267,334,0.0033730477605648387,6,0.8865222873671217,0.8327963113259003,0.3832411308420694,0.001081011400360534,38.953842075295476,,43,62,800,False,10000,False,best_final_xgb_model,0.67322814463958,0.6719906505648617,0.663059163059163,0.33694083694083693
268,117,0.05573394579577695,7,0.8422267308187039,0.9393783274616228,0.2923773729188393,3.5184636411924495,12.005876260294983,,43,62,800,False,10000,False,best_final_xgb_model,0.6995663273152277,0.6640046747175692,0.663059163059163,0.33694083694083693
269,60,0.06916398009432759,5,0.8784556600598632,0.9059113458150283,0.06737180326098836,0.00168377635688715,10.677165600449122,,43,62,800,False,10000,False,best_final_xgb_model,0.6752170926501194,0.6788079470198676,0.6666666666666666,0.3333333333333333
270,169,0.027043720849273836,7,0.834055869136551,0.8941782920306306,0.5135704234231987,0.00010001854257638188,0.10381568255993741,,43,62,800,False,10000,False,best_final_xgb_model,0.6992690103445801,0.6628359953252825,0.670995670995671,0.329004329004329
271,223,0.017088829527294378,6,0.805449254419583,0.8284506007046145,0.06381972009700401,0.0005720984958567747,0.0414921140126882,,43,62,800,False,10000,False,best_final_xgb_model,0.6823321953269974,0.6745227892481496,0.6616161616161617,0.3383838383838384
272,381,0.019759706890086,4,0.8522859538507817,0.9053631048998387,0.011220665296517164,0.05981810647970901,0.8407090211968867,,43,62,800,False,10000,False,best_final_xgb_model,0.6761808097273911,0.6684846123880016,0.6681096681096681,0.3318903318903319
273,275,0.03695686928097319,7,0.9448765433395964,0.908515777072079,0.03555029820513,0.0001048185106603143,18.9695110901266,,43,62,800,False,10000,False,best_final_xgb_model,0.7165133946421431,0.6671211530970004,0.6623376623376623,0.33766233766233766
274,434,0.0018683356722319704,3,0.9711382763703317,0.8330211783466746,0.42597511617177775,0.005648597005068293,34.18143925869158,,43,62,800,False,10000,False,best_final_xgb_model,0.6621146413229579,0.664783794312427,0.6572871572871573,0.3427128427128427
275,360,0.004516249349429903,6,0.8034813622885647,0.8693264565268874,0.34095767443707803,0.06157554522549696,1.7872516371712754,,43,62,800,False,10000,False,best_final_xgb_model,0.6755246619300997,0.6653681340085703,0.6637806637806638,0.3362193362193362
276,181,0.0036424993030771177,3,0.9514099115086432,0.9005955159962523,0.016657902771566115,0.0005729125423520178,0.014411871940888563,,43,62,800,False,10000,False,best_final_xgb_model,0.6607613364910446,0.660498636540709,0.6608946608946609,0.33910533910533913
277,54,0.09606573973362807,5,0.8947242989900338,0.9713673538218742,0.2819490467008281,0.14420268082594187,7.068790115446991,,43,62,800,False,10000,False,best_final_xgb_model,0.6770214990926706,0.6717958706661472,0.663059163059163,0.33694083694083693
278,426,0.009430639978873532,4,0.968260140837731,0.8628067800594191,0.06371906700788958,0.0005743620203783344,0.12157532865020201,,43,62,800,False,10000,False,best_final_xgb_model,0.6716287843836825,0.660498636540709,0.663059163059163,0.33694083694083693
279,124,0.007766848814112213,9,0.8377388872871906,0.9628962130267457,0.016124166297374478,0.46620452750650215,2.7574510767879596,,43,62,800,False,10000,False,best_final_xgb_model,0.7085678549093183,0.6733541098558629,0.6695526695526696,0.33044733044733043
280,93,0.005215694516015279,7,0.9735549972326031,0.8641024513814547,0.20380133931498198,0.5469312251270392,0.023557918843093648,,43,62,800,False,10000,False,best_final_xgb_model,0.6775648714873025,0.6679002726918583,0.665945165945166,0.33405483405483405
281,440,0.007796260395703376,4,0.9667380163346931,0.9235159912407279,0.1934313826055381,3.8230448708521583,0.04159994207424085,,43,62,800,False,10000,False,best_final_xgb_model,0.6701627041491096,0.6712115309700039,0.6637806637806638,0.3362193362193362
282,272,0.0211715710779899,6,0.8091499051005104,0.9423726143247889,0.20130453612970808,0.20858752322501073,0.20880804330757563,,43,62,800,False,10000,False,best_final_xgb_model,0.6898881473051804,0.664394234514998,0.6702741702741702,0.3297258297258297
283,389,0.01725867966188578,6,0.9570178645500587,0.8643779797684201,0.39352365383301113,0.6956474014758864,0.10899767187636637,,43,62,800,False,10000,False,best_final_xgb_model,0.6926050092783399,0.6793922867160109,0.6746031746031746,0.3253968253968254
284,134,0.001829928238236283,8,0.9296313410087231,0.9200160624195552,0.016920967464775536,0.1701592160874442,0.12312453270403881,,43,62,800,False,10000,False,best_final_xgb_model,0.6875711253959954,0.6608881963381379,0.6666666666666666,0.3333333333333333
285,106,0.004404273264904468,8,0.8054929648945376,0.8896040651435216,0.1509816171769239,3.4894256574944333,0.045625544769032966,,43,62,800,False,10000,False,best_final_xgb_model,0.6877249100359856,0.6719906505648617,0.6688311688311688,0.33116883116883117
286,425,0.0325607236194673,3,0.9074558761118889,0.9938129033246829,0.10615360529871909,0.0008752125744818337,27.798614047066994,,43,62,800,False,10000,False,best_final_xgb_model,0.6740790863141922,0.6704324113751461,0.6717171717171717,0.3282828282828283
287,275,0.0050577104413148995,5,0.9176670453291632,0.8377439170687335,0.029779586986043768,0.0012604773714469737,6.738968903720393,,43,62,800,False,10000,False,best_final_xgb_model,0.670275479551769,0.6618620958317102,0.6608946608946609,0.33910533910533913
288,308,0.0679552927877714,9,0.9171294332532702,0.8604421113504579,0.05234878249891069,0.0011636212712253598,44.078314018685134,,43,62,800,False,10000,False,best_final_xgb_model,0.8314827914987851,0.6696532917802883,0.6688311688311688,0.33116883116883117
289,362,0.006053363593720897,9,0.9763103757580935,0.8813827491454073,0.011131819957084744,7.247164251897347,31.417994288343444,,43,62,800,False,10000,False,best_final_xgb_model,0.699176739560586,0.6653681340085703,0.6616161616161617,0.3383838383838384
290,174,0.0013895117235154897,4,0.8180555120685061,0.8166521170649472,0.33209585508463857,0.014307444576240084,0.11171340292087532,,43,62,800,False,10000,False,best_final_xgb_model,0.6625554906242631,0.656213478768991,0.6601731601731602,0.3398268398268398
291,113,0.014336284895387533,7,0.9490172837691735,0.9224481855057544,0.016834031618728245,0.0016049680383111752,14.243208883427586,,43,62,800,False,10000,False,best_final_xgb_model,0.6818298321696962,0.6655629139072847,0.6695526695526696,0.33044733044733043
292,439,0.03445071068165416,9,0.9432463778920287,0.9596544459074606,0.1359779310946939,0.06808481866996852,0.13424956413552527,,43,62,800,False,10000,False,best_final_xgb_model,0.893509262961482,0.6499805220101286,0.6666666666666666,0.3333333333333333
293,128,0.007231109746657623,4,0.9038165346388217,0.8662779911123536,0.029732179697668313,0.5465095840979415,14.57549024722769,,43,62,800,False,10000,False,best_final_xgb_model,0.6657542111360584,0.6667315932995714,0.6536796536796536,0.3463203463203463
294,332,0.0037169617511759847,9,0.8180686149171275,0.9637608114963842,0.610145159391237,0.001822214931181084,1.9302569181476834,,43,62,800,False,10000,False,best_final_xgb_model,0.7121459108664226,0.6774444877288663,0.6666666666666666,0.3333333333333333
295,208,0.0034844443241140236,9,0.8725890565898493,0.9645338501836779,0.023418475850457223,0.0003615181647448656,0.015468768424942164,,43,62,800,False,10000,False,best_final_xgb_model,0.7094598058212612,0.6682898324892871,0.6608946608946609,0.33910533910533913
296,236,0.003132037620792703,5,0.9312884137537208,0.9887748861120526,0.3455634304094044,0.001117057095324262,4.735543751888467,,43,62,800,False,10000,False,best_final_xgb_model,0.6671690298239679,0.6530970003895598,0.6565656565656566,0.3434343434343434
297,413,0.0010304466046615654,6,0.9140101216221688,0.8678430493930567,0.02191769215732971,0.0002634888990678238,26.15435641974753,,43,62,800,False,10000,False,best_final_xgb_model,0.6711469258450466,0.6692637319828594,0.6587301587301587,0.3412698412698413
298,444,0.04249900134635836,6,0.8894284301003018,0.9350137048370271,0.02161220964437847,0.0007474923471320329,0.34852877411280003,,43,62,800,False,10000,False,best_final_xgb_model,0.7362900993448774,0.6589403973509934,0.658008658008658,0.341991341991342
299,80,0.03195270985014817,3,0.8414166783986627,0.8494986626053397,0.06247359456721774,0.13794097446934428,35.72294712190714,,43,62,800,False,10000,False,best_final_xgb_model,0.6666769189759993,0.6673159329957148,0.6587301587301587,0.3412698412698413
300,322,0.02705800843658781,5,0.9727068998562983,0.8500170243782232,0.3157982018560903,0.0005573444227483394,5.2472581562497265,,43,62,800,False,10000,False,best_final_xgb_model,0.6849772911348281,0.6694585118815738,0.6652236652236653,0.3347763347763348
301,441,0.012176994116920466,8,0.88356998485847,0.9518257067838294,0.011807802936855112,0.03283782838044662,15.868055408518405,,43,62,800,False,10000,False,best_final_xgb_model,0.7125662555490624,0.6756914686404363,0.6681096681096681,0.3318903318903319
302,135,0.01040287950508444,6,0.9988441974331833,0.9984501302065546,0.010561696995405693,0.09297851537675036,1.0133558222162353,,43,62,800,False,10000,False,best_final_xgb_model,0.6748377572048104,0.6651733541098559,0.6637806637806638,0.3362193362193362
303,136,0.0030361430314816006,8,0.9426447493295073,0.8372403287937025,0.06125238240996576,0.0003566246874235188,0.07131549504193484,,43,62,800,False,10000,False,best_final_xgb_model,0.6886988794225899,0.6710167510712894,0.6608946608946609,0.33910533910533913
304,108,0.09967840001987105,3,0.9554064590024,0.8930310546306814,0.02485325109132357,0.00014151181251725048,0.03546150162764278,,43,62,800,False,10000,False,best_final_xgb_model,0.6737510124155466,0.6655629139072847,0.6673881673881674,0.33261183261183264
305,96,0.0020001091464016594,8,0.8169440709560727,0.9076250394609096,0.054946518416078616,0.00010068546789406704,1.0786490406090048,,43,62,800,False,10000,False,best_final_xgb_model,0.6858589897374383,0.6719906505648617,0.6623376623376623,0.33766233766233766
306,126,0.07608029981466827,6,0.9696191741620618,0.8863253278810023,0.08296187066230187,0.006887962244383504,4.975430714621765,,43,62,800,False,10000,False,best_final_xgb_model,0.699463804221901,0.6719906505648617,0.6688311688311688,0.33116883116883117
307,373,0.0021141584908118145,9,0.8764313093695223,0.8586366118465247,0.013249814732592374,0.00018115099111667664,0.012949971020395227,,43,62,800,False,10000,False,best_final_xgb_model,0.7109668952931648,0.6581612777561355,0.6587301587301587,0.3412698412698413
308,265,0.009356052518596917,9,0.8574922889144381,0.8687209926965765,0.10205813834618273,4.618727286923304,26.954527570049677,,43,62,800,False,10000,False,best_final_xgb_model,0.7034929617896432,0.6682898324892871,0.6623376623376623,0.33766233766233766
309,321,0.01609876885016621,6,0.93203701094475,0.8522010859939017,0.21246153480106011,0.026116785843989652,0.02569235898835931,,43,62,800,False,10000,False,best_final_xgb_model,0.6880324793159659,0.6671211530970004,0.6702741702741702,0.3297258297258297
310,74,0.009548051558941532,8,0.9615641956639878,0.8217938790211539,0.06399640735856399,7.005995944658736,0.9825643158977768,,43,62,800,False,10000,False,best_final_xgb_model,0.6867201837213832,0.654460459680561,0.6623376623376623,0.33766233766233766
311,272,0.0016329065715963962,9,0.8910079015749508,0.8317162328554812,0.013323458971221816,0.0004183395546751664,0.10415029896808374,,43,62,800,False,10000,False,best_final_xgb_model,0.7060867960508105,0.6700428515777171,0.658008658008658,0.341991341991342
312,341,0.0020363112491351,5,0.8749797901680303,0.867686697157702,0.2071878140224867,0.0005539718113278555,0.05040197070652088,,43,62,800,False,10000,False,best_final_xgb_model,0.667671392981269,0.6634203350214258,0.6551226551226551,0.3448773448773449
313,302,0.007412152414771539,3,0.9381846711739729,0.8992444873928835,0.06218996170697233,5.742957330418614,1.0226071535659205,,43,62,800,False,10000,False,best_final_xgb_model,0.6651185679574324,0.6766653681340086,0.6608946608946609,0.33910533910533913
314,202,0.004790849084904275,3,0.8978459335299155,0.812506324908506,0.10316269076595871,0.30391841562845295,1.356608461557047,,43,62,800,False,10000,False,best_final_xgb_model,0.6618070720429777,0.6729645500584339,0.6565656565656566,0.3434343434343434
315,303,0.0037218354486876636,6,0.9079324761038552,0.8343821968133278,0.2346189610746341,0.9135978775948874,0.015506561455326525,,43,62,800,False,10000,False,best_final_xgb_model,0.6736689939408852,0.664394234514998,0.6616161616161617,0.3383838383838384
316,405,0.003795429971901479,9,0.9684689263327476,0.987097862770044,0.035250056647824116,1.9426767317006683,11.085259291075577,,43,62,800,False,10000,False,best_final_xgb_model,0.70692748541609,0.6618620958317102,0.6666666666666666,0.3333333333333333
317,205,0.04719187176838051,6,0.979901203207615,0.9268519854258204,0.30372072053747423,0.0001861466275526001,10.28637658004483,,43,62,800,False,10000,False,best_final_xgb_model,0.697843939347338,0.6712115309700039,0.6645021645021645,0.3354978354978355
318,101,0.0917057132454608,4,0.810121100849513,0.9566803295970029,0.08497134323713412,0.05088227279843141,0.021782208873350067,,43,62,800,False,10000,False,best_final_xgb_model,0.6786516162765663,0.6628359953252825,0.670995670995671,0.329004329004329
319,175,0.015766137002646858,7,0.9428722024981258,0.9575312227549398,0.7653028590894638,0.07348925142953554,11.338271988874212,,43,62,800,False,10000,False,best_final_xgb_model,0.6862280728734147,0.6601090767432801,0.6652236652236653,0.3347763347763348
320,343,0.025526278609469148,8,0.882012328066119,0.8868571772550746,0.11128477517514651,0.0001271184667753416,0.1361965085068709,,43,62,800,False,10000,False,best_final_xgb_model,0.7653553963030173,0.6673159329957148,0.665945165945166,0.33405483405483405
321,62,0.08826439371147742,8,0.938987909458009,0.8988357885179679,0.19436549475142015,0.0044694125864925115,3.161806042443062,,43,62,800,False,10000,False,best_final_xgb_model,0.7232081526363814,0.6714063108687184,0.6666666666666666,0.3333333333333333
322,228,0.060451907750476014,7,0.9675818526354159,0.8550414950415184,0.012241499905268039,0.0001941763974681304,1.7086634029384384,,43,62,800,False,10000,False,best_final_xgb_model,0.7485211043787613,0.6667315932995714,0.6695526695526696,0.33044733044733043
323,438,0.015151808997702038,8,0.8671996112671598,0.8358656670846181,0.05974541472205346,0.009331538238798304,3.5158936862574963,,43,62,800,False,10000,False,best_final_xgb_model,0.7344754405929935,0.660498636540709,0.6702741702741702,0.3297258297258297
324,410,0.002830507297096584,3,0.8010034267816156,0.9853195775980204,0.022429740640604236,0.0066395693276558405,0.11853622461419035,,43,62,800,False,10000,False,best_final_xgb_model,0.6618070720429777,0.6747175691468641,0.6601731601731602,0.3398268398268398
325,335,0.016032722403846043,5,0.8056236026842654,0.928434233155388,0.13496510188012897,0.6066123247022073,2.6406523648467837,,43,62,800,False,10000,False,best_final_xgb_model,0.6788874193912179,0.6747175691468641,0.665945165945166,0.33405483405483405
326,375,0.0033008573426138946,9,0.821623373103921,0.8534855427643105,0.06899943720824288,0.013419788231505882,0.29184662014359697,,43,62,800,False,10000,False,best_final_xgb_model,0.7143501573729483,0.6700428515777171,0.6652236652236653,0.3347763347763348
